,name,description
0,Nintendo,
1,PUBG Corporation,
2,Mojang,
3,Microsoft Game Studios,
4,Rockstar Games,
5,Unknown,
6,Activision,
7,VU Games,
8,Sega,
9,Sony Computer Entertainment,
10,Valve,
11,Microsoft Studios,
12,Blizzard Entertainment,
13,EA Sports,
14,Electronic Arts,
15,Ubisoft,
16,Sony Interactive Entertainment,
17,Atari,
18,Valve Corporation,
19,Facepunch Studios,
20,Bethesda Softworks,
21,Square EA,
22,Square,
23,Namco,
24,Edmund McMillen,
25,Majesco,
26,NCSoft,
27,Square Enix,
28,Capcom,
29,Sony Computer Entertainment America,
30,GT Interactive,
31,Konami,
32,Broderbund,
33,SCS Software,
34,LucasArts,
35,Warner Bros. Interactive,
36,Warner Bros. Interactive Entertainment,
37,Universal Interactive,
38,Endnight Games Ltd,
39,Eidos Interactive,
40,Microsoft,
41,RedOctane,
42,Paradox Interactive,
43,Chucklefish,
44,2K Games,
45,Deep Silver,
46,Studio Wildcard,
47,Red Orb,
48,Take-Two Interactive,
49,"Infocom, Inc.",
50,Enix,
51,The Fun Pimps,
52,Ultra Games,
53,Hasbro Interactive,
54,Sierra Entertainment,
55,Global Star Software,
56,2K Sports,
57,The Behemoth,
58,Toby Fox,
59,THQ,
60,Fox Interactive,
61,Namco Bandai,
62,Acclaim Entertainment,
63,Activision Blizzard,
64,Namco Bandai Games,
65,Valve Software,
66,Disney Interactive Studios,
67,Bandai,
68,Konami Digital Entertainment,
69,989 Studios,
70,Unknown Worlds Entertainment,
71,Introversion Software,
72,Virgin Interactive,
73,Telltale Games,
74,Frozenbyte,
75,Midway Games,
76,EA Sports BIG,
77,Nicalis,
78,Focus Home Interactive,
79,Sunflowers,
80,Arena Entertainment,
81,Buena Vista,
82,Devolver Digital,
83,Rare,
84,MTV Games,
85,Hitbox Team,
86,Trendy Entertainment,
87,Jaleco,
88,3909 LLC,
89,Berserk Games,
90,THQ Nordic,
91,3DO,
92,Hello Games,
93,KOEI,
94,Vivendi Games,
95,Red Hook Studios,
96,Parker Bros.,
97,Tengen,
98,Maxis,
99,Level 5,
100,Falcom,
101,Imagic,
102,ASCII Entertainment,
103,Gotham Games,
104,2K Play,
105,Tecmo,
106,505 Games,
107,Ndemic Creations,
108,Frontier Developments,
109,Whiptail Interactive,
110,Bossa Studios,
111,Hinterland Studio Inc.,
112,Atlus,
113,Remedy Entertainment,
114,Nordic Games,
115,Studio MDHR,
116,"Destination Software, Inc",
117,Banpresto,
118,Greenheart Games,
119,D3 Publisher,
120,Infogrames,
121,Crave Entertainment,
122,PopCap Games,
123,Red Storm Entertainment,
124,Hudson Soft,
125,Video System,
126,Invisible Handlebar,
127,Westwood Studios,
128,Williams Entertainment,
129,GungHo Online Entertainment,
130,Gathering of Developers,
131,Cellar Door Games,
132,Coleco,
133,Codemasters,
134,ASC Games,
135,Accolade,
136,Team17 Software,
137,Zoo Games,
138,TDK Mediactive,
139,Sony Online Entertainment,
140,Bandai Namco Games,
141,Trapdoor,
142,Natsume,
143,Conspiracy Entertainment,
144,Alchemist,
145,Monomi Park,
146,Black Label Games,
147,SouthPeak Interactive,
148,Ocean,
149,City Interactive,
150,Compile,
151,Maximum Games,
152,Mega Crit Games,
153,Saga Planets,
154,Warhorse Studios,
155,Agetec,
156,Microprose,
157,Tomy Corporation,
158,Number None,
159,Aspyr,
160,Taito,
161,Sammy Corporation,
162,"mixi, Inc",
163,Mindscape,
164,Team Cherry,
165,Zoo Digital Publishing,
166,Crytek,
167,Taxan,
168,Rebellion Developments,
169,Game Factory,
170,Titus,
171,Tecmo Koei,
172,Mud Duck Productions,
173,"Mossmouth, LLC",
174,Psygnosis,
175,Abbey Games,
176,Gearbox Software,
177,Crystal Dynamics,
178,Pinnacle,
179,Empire Interactive,
180,Tripwire Interactive,
181,SUPERHOT Team,
182,Motion Twin,
183,Kunos Simulazioni,
184,Interplay,
185,Scholastic Inc.,
186,Mystique,
187,ChunSoft,
188,20th Century Fox Video Games,
189,Hudson Entertainment,
190,Messhof,
191,Men-A-Vision,
192,Triumph Studios,
193,Terry Cavanagh,
194,Almost Human,
195,Mastiff,
196,Harmonix Music Systems,
197,Touchstone,
198,Daedalic Entertainment,
199,D3Publisher,
200,Joey Drew Studios Inc.,
201,DrinkBox Studios,
202,XS Games,
203,LEGO Media,
204,Quest,
205,Encore,
206,Playmates,
207,Tigervision,
208,Positech Games,
209,Xseed Games,
210,GameMill Entertainment,
211,Playdead,
212,Rocket Company,
213,GameMill,
214,Destineer,
215,Mattel Interactive,
216,IE Institute,
217,Navarre Corp,
218,Gaijin Entertainment,
219,Defiant Development,
220,Re-Logic,
221,CDV Software Entertainment,
222,Amanita Design,
223,BetaDwarf,
224,Cold Beam Games,
225,Ignition Entertainment,
226,Lace Mamba Global,
227,Rebellion Games,
228,Studio Pixel,
229,DECK13 Interactive GmbH,
230,Young Horses,
231,Trion Worlds,
232,NIS America,
233,Aksys Games,
234,Hidden Path Entertainment,
235,Takara,
236,Working Designs,
237,Enterbrain,
238,BAM! Entertainment,
239,KillHouse Games,
240,Spectrum Holobyte,
241,Imagineer,
242,CPG Products,
243,Aruze Corp,
244,Storm City Games,
245,Takara Tomy,
246,Yacht Club Games,
247,Answer Software,
248,"Thekla, Inc.",
249,Marvelous Interactive,
250,Frictional Games,
251,Bandai Namco Entertainment,
252,Black Pearl,
253,Facepalm Games,
254,Gun Media,
255,Invent4 Entertainment,
256,Stardock,
257,Modulaatio Games,
258,NovaLogic,
259,EuroVideo Medien,
260,Epoch,
261,Spike Chunsoft,
262,Zen Studios,
263,Knowledge Adventure,
264,Coffee Stain Studios,
265,Shiro Games,
266,Hip Interactive,
267,Ninja Theory,
268,ESP,
269,JForce Games,
270,TYO,
271,Double Fine Productions,
272,Telegames,
273,Hemisphere Games,
274,Magical Company,
275,Kemco,
276,Mentor Interactive,
277,Valcon Games,
278,Human Entertainment,
279,Data Age,
280,Kalypso Media,
281,Vertigo Gaming Inc.,
282,Jack of All Games,
283,The Astronauts,
284,Double Damage Games,
285,989 Sports,
286,Lazy 8 Studios,
287,Wizards of the Coast,
288,"Arcen Games, LLC",
289,E-Line Media,
290,Fabio Ricci,
291,TinyBuild Games,
292,Image & Form Games,
293,Media Rings,
294,Grey Box,
295,Elf,
296,10TACLE Studios,
297,GSC Game World,
298,Hot-B,
299,Jorudan,
300,New,
301,Polytron Corporation,
302,Two Tribes,
303,Kalypso,
304,Koei Tecmo,
305,Brash Entertainment,
306,DSI Games,
307,ITT Family Games,
308,Puppy Games,
309,Astragon,
310,UFO Interactive,
311,SNK Playmore,
312,New Reality Games,
313,Fireproof Games,
314,Broken Rules,
315,Koch Media,
316,Jackbox Games,
317,BPS,
318,Arc System Works,
319,Vlambeer,
320,P2 Games,
321,NewKidCo,
322,Kokopeli Digital Studios,
323,Mumbo Jumbo,
324,CokeM Interactive,
325,CBS Electronics,
326,SquareSoft,
327,Tribute Games,
328,Mad Catz,
329,Magix,
330,Sam Barlow,
331,Ironhide Game Studio,
332,Spike,
333,Simon & Schuster Interactive,
334,Out of crumpet's:,
335,Ysbryd Games,
336,Sold Out,
337,Angel Studios,
338,Lince Works,
339,A1 Games,
340,Team17 Digital Ltd,
341,Avanquest,
342,GSP,
343,Wargaming.net,
344,SNK,
345,Little Orbit,
346,Hamster Corporation,
347,Red Mile Entertainment,
348,Seta Corporation,
349,Nippon Columbia,
350,Nichibutsu,
351,Zono Incorporated,
352,Hect,
353,Night Node Software,
354,Graffiti,
355,Ripcord Games,
356,Trickjump Games Ltd,
357,Back To Basics Gaming,
358,EQ Games,
359,Gamecock,
360,Digital Leisure Inc.,
361,Snail Games USA,
362,NEC,
363,Cherry Pop Games,
364,Sidhe Interactive,
365,Axela,
366,Neocore Games,
367,WolfgangIs,
368,ArtDink,
369,D-Pad Studio,
370,Gust,
371,DL Softworks,
372,Home Entertainment Suppliers,
373,Proletariat Inc.,
374,NEC Interchannel,
375,Headup Games,
376,AGM Playism,
377,Kasedo Games,
378,Coconut Island Games,
379,SSI,
380,Dagestan Technology,
381,White Dog,
382,Majesco Entertainment,
383,Milestone S.r.l.,
384,Milkstone Studios,
385,TopWare Interactive,
386,Powerhoof Pty Ltd,
387,ValuSoft,
388,Destructive Creations,
389,Might and Delight,
390,CharlieH,
391,Big Sandwich Games,
392,Necrophone Games,
393,Sometimes You,
394,Real Dynamics,
395,O-Games,
396,Kadokawa Shoten,
397,Good Shepherd Entertainment,
398,Marvelous,
399,Irem Software Engineering,
400,Bold Games,
401,Plug In Digital,
402,Iceberg Interactive,
403,Detn8 Games,
404,Bomb,
405,Asteroid Base,
406,Rondomedia,
407,Behold Studios,
408,Activision Value,
409,Matt Makes Games Inc.,
410,inXile Entertainment,
411,Sears,
412,Pioneer LDC,
413,Game-Labs,
414,On Demand,
415,AQ Interactive,
416,Avalanche Studios,
417,Kadokawa Games,
418,Kiss,
419,Oddworld Inhabitants,
420,Versus Evil,
421,Adult Swim,
422,Owlchemy Labs,
423,NCS,
424,Namco Networks America Inc.,
425,Falcom Corporation,
426,Xicat Interactive,
427,Strategy First,
428,GrabTheGames,
429,Over The Top Games,
430,Culture Brain,
431,DreamCatcher Interactive,
432,ARUSH Entertainment,
433,Shogakukan,
434,Acquire,
435,Merscom LLC,
436,Krillbite Studio,
437,Nippon Telenet,
438,TDK Core,
439,GR3 Project,
440,Pub Games,
441,Glaiel Games,
442,Victory Lap Games,
443,Zoo Games silver,
444,Gears for Breakfast,
445,Paramount Digital Entertainment,
446,Core Design Ltd.,
447,Dark Energy Digital,
448,Killmonday Games,
449,Dejobaan Games,
450,JoWood Productions,
451,Rooster Teeth Games,
452,Sound Source Interactive,
453,Asylum Entertainment,
454,Independent,
455,Marvelous Entertainment,
456,Curve Digital,
457,DarkGod,
458,GarageGames,
459,"H2 Interactive Co., Ltd.",
460,Thomas Happ Games,
461,Essential Games,
462,Trigger Apps,
463,AlienTrap Games,
464,Acid Wizard Studio,
465,Vatical Entertainment,
466,Galaxy Trail,
467,Refract Studios,
468,Playlogic Game Factory,
469,Milestone,
470,VR Sports,
471,PQube,
472,W!Games,
473,Compile Heart,
474,Big Ben Interactive,
475,Avalon Interactive,
476,Milestone S.r.l,
477,Endless Fluff Games,
478,System 3,
479,Bit Blot,
480,Jetdogs Studios,
481,Victor Interactive,
482,Viva Media,
483,Hothead Games,
484,FCI,
485,Aques,
486,Nitro+,
487,PlayV,
488,Rising Star Games,
489,Carbine Studios,
490,Bandai Visual,
491,Syscom,
492,Vir2L Studios,
493,YuPlay,
494,Idea Factory,
495,Revolution Software,
496,Over The Moon,
497,indiePub,
498,Media Factory,
499,Beatnik Games,
500,Dusenberry Martin Racing,
501,The Adventure Company,
502,Microids,
503,Indie Voyage,
504,Insomniac Games,
505,11 bit studios,
506,Gaijinworks,
507,ArtwareGames,
508,GameTrust,
509,Game Arts,
510,Bigben Interactive,
511,Idea Factory International,
512,Excalibur Publishing Limited,
513,Broccoli,
514,Tommo,
515,Dan Walters,
516,Sunsoft,
517,General Entertainment,
518,Imadio,
519,Capcom Entertainment,
520,Sony Music Entertainment,
521,Aquaplus,
522,Rain Games,
523,Legacy Interactive,
524,Nihon Falcom Corp,
525,Got Game Entertainment,
526,MLB Advanced Media,
527,Hitcents,
528,704Games,
529,1C Company,
530,Wadjet Eye Games,
531,Outright Games,
532,Black Bean Games,
533,U.S. Gold,
534,Nihon Falcom Corporation,
535,PM Studios,
536,Slitherine Software,
537,Gremlin Interactive Ltd,
538,Tru Blu Entertainment,
539,MTO,
540,Psyonix Studios,
541,Space Boat Studios,
542,Agharta Studio,
543,Alda Games,
544,Cleverweek,
545,Type-Moon,
546,Analgesic Productions,
547,ThinkOfGames,
548,Rainbow Games,
549,T&E Soft,
550,Frogmind,
551,Chubby Pixel,
552,Screen 7,
553,Lighthouse Games Studio,
554,JVC,
555,Brogames,
556,Wales Interactive Ltd.,
557,Metro 3D,
558,Secret Exit Ltd.,
559,Team Indev,
560,ZackBellGames,
561,Data East,
562,Merge Games,
563,Time Warner Interactive,
564,Gainax Network Systems,
565,Iceflake Studios,
566,Three Flip Studios,
567,Batterystaple Games,
568,Naarassusi Publisher,
569,Zachtronics Industries,
570,Bohemia Interactive,
571,Nippon Ichi Software,
572,Giorgi Abelashvili,
573,Northway Games,
574,Forever Entertainment S.A.,
575,Meridian4,
576,Siberian Digital,
577,Aterdux Entertainment,
578,Daito,
579,Butterscotch Shenanigans,
580,DoubleBear Productions,
581,Uppercut Games Pty Ltd,
582,O3 Entertainment,
583,Love Conquers All Games,
584,KHB-Soft,
585,Gameloft,
586,Endless Loop Studios,
587,Humble Bundle,
588,Walter Machado,
589,Beamdog,
590,Team 17,
591,Firemint,
592,Retro Affect,
593,Somi,
594,Sekai Project,
595,Winged Cloud,
596,Reef Entertainment,
597,Indimo Labs LLC,
598,Lupus Studios Limited,
599,Extend Studio,
600,Crackshell,
601,ZOV GAME STUDIO,
602,TOHO,
603,Ocean Software,
604,"What Pumpkin Games, Inc.",
605,Biart Design Studio,
606,OneBigGame,
607,Black Shell Media,
608,5pb,
609,LVGameDev LLC,
610,Rock Path Collective,
611,Synnergy Circle Games,
612,DTP Entertainment,
613,Peace,
614,Skybound Games,
615,Black Lime Studio,
616,Groove Games,
617,Kazakov Oleg,
618,Those Awesome Guys,
619,Rusty Lake,
620,Axyos Games,
621,K Bros Games,
622,Double Fine Presents,
623,Nickervision Studios,
624,Smudged Cat Games,
625,Missing Link Games,
626,Sorath,
627,Black Eye Games,
628,Quaint Emerald,
629,Cobra Mobile,
630,Matthew Brown,
631,Paon,
632,Ghostlight,
633,Gearbox Publishing,
634,Lavaboots Studios,
635,Blender Games,
636,Neognosis,
637,Micro Cabin,
638,MinMax Games Ltd.,
639,NeocoreGames,
640,Cadenza Interactive,
641,O~3 Entertainment,
642,LAN - GAMES EOOD,
643,PlayWay,
644,GameTek,
645,Benesse,
646,Ravenscourt,
647,Asmik Corp,
648,Asmik Ace Entertainment,
649,WayForward Technologies,
650,Image Epoch,
651,Phantom EFX,
652,Soedesco,
653,Secret Stash Games,
654,Evolved Games,
655,responDESIGN,
656,Sony Computer Entertainment Europe,
657,Griffin International,
658,Panasonic Interactive Media,
659,FuRyu Corporation,
660,Hackberry,
661,Hearty Robin,
662,Nighthawk Interactive,
663,Nippon Amuse,
664,Origin Systems,
665,Telstar,
666,Unfinished Pixel,
667,Egosoft,
668,Badland Games,
669,bitComposer Games,
670,From Software,
671,MLB.com,
672,"Genius Products, Inc.",
673,Aqua Plus,
674,Happinet,
675,Flight-Plan,
676,Glams,
677,Virtual Play Games,
678,Locus,
679,Excalibur Publishing,
680,Success,
681,Warp,
682,Perfect World Entertainment,
683,Myelin Media,
684,Planet Entertainment,
685,GungHo,
686,Alternative Software,
687,Polykid,
688,Sunrise Interactive,
689,New Blood Interactive,
690,Yuke's,
691,American Technos,
692,Evolution Games,
693,Games Workshop,
694,Edia,
695,Athena,
696,Aria,
697,Media Works,
698,Fortyfive,
699,Imax,
700,Aerosoft,
701,Kaga Create,
702,Cave,
703,iWin,
704,Wired Productions,
705,Alliance Digital Media,
706,Pack-In-Video,
707,Marvel Entertainment,
708,Crimson Cow,
709,Ready at Dawn,
710,Electro Brain,
711,Asgard,
712,Ecole,
713,Yumedia,
714,HAL Laboratory,
715,"Orbital Media, Inc.",
716,System 3 Arcade Software,
717,Grand Prix Games,
718,DigiCube,
719,Midas Interactive Entertainment,
720,Funbox Media,
721,Creative Core,
722,Tequila Works,
723,Granzella,
724,SVG Distribution,
725,Tivola,
726,ASCII Media Works,
727,Rising Star,
728,Coconuts Japan,
729,eGames,
730,Blast! Entertainment Ltd,
731,Giants Software,
732,AIA,
733,Prototype,
734,Phantagram,
735,The Learning Company,
736,Anuman,
737,Vap,
738,TREVA Entertainment,
739,Misawa,
740,Perp Games,
741,Dovetail Games,
742,Klei Entertainment,
743,Genki,
744,Yeti,
745,Pow,
746,DotEmu,
747,Viacom,
748,RTL,
749,Eidos Interactive Ltd,
750,Comfort,
751,Acttil,
752,Pony Canyon,
753,Sprite,
754,Riverhillsoft,
755,Experience Inc.,
756,id Software,
757,Summitsoft,
758,Playmore,
759,Rombax Games,
760,Techland,
761,TGL,
762,Cygames,
763,CyberFront,
764,Dramatic Create,
765,Masque Publishing,
766,Societa,
767,Ascaron Entertainment,
768,Alawar Entertainment,
769,Interchannel,
770,SouthPeak Games,
771,Avanquest Software,
772,Sonnet,
773,Zushi Games,
774,Zenrin,
775,Perpetual,
776,Lionhead Studios,
777,FDG Entertainment,
778,IGS,
779,SCi,
780,Big Fish Games,
781,Oxygen Interactive,
782,Maximum Family Games,
783,Nobilis,
784,Fields,
785,Princess Soft,
786,Leadman Games,
787,Berkeley,
788,Fuji,
789,Her Interactive,
790,Mamba Games,
791,imageepoch Inc.,
792,Office Create,
793,UIG Entertainment,
794,3 O'Clock,
795,Kamui,
796,ASK,
797,49Games,
798,KSS,
799,KID,
800,Quinrose,
801,Modus Games,
802,Licensed 4U,
803,Stainless Games,
804,G.Rev,
805,Sweets,
806,Nexon,
807,BushiRoad,
808,Sting,
809,Tryfirst,
810,Mastertronic,
811,GN Software,
812,Russel,
813,Badland Studio,
814,Funcom,
815,Tulip Games,
816,Phantom 8 Studio,
817,Paon Corporation,
818,CK Games,
819,Kids Station,
820,Dispatch Games,
821,Inti Creates,
822,SystemSoft Alpha,
823,7G//AMES,
824,New World Computing,
825,Hoplite Research,
826,King Records,
827,honeybee,
828,Focus Multimedia,
829,Minato Station,
830,Enlight,
831,Graphsim Entertainment,
832,Gaga,
833,Yamasa Entertainment,
834,Plenty,
835,Blue Byte,
836,Views,
837,Entergram,
838,4-Aug,
839,fonfun,
840,HuneX,
841,Daedalic,
842,ReadySoft,
843,Starfish,
844,Quintet,
845,Dorart,
846,Piacci,
847,League of Geeks,
848,Turbine Inc.,
849,Imageworks,
850,Karin Entertainment,
851,Technos Japan Corporation,
852,Red Flagship,
853,Neko Entertainment,
854,Gakken,
855,Technical Associates Inc,
856,Mirai Shounen,
857,Arika,
858,Datam Polystar,
859,Rebellion,
860,Mediascape,
861,Giga,
862,Visco,
863,Revolution (Japan),
864,Obsidian Entertainment,
865,Monte Christo Multimedia,
866,Epic Games,
867,Alvion,
868,Mycom,
869,Warashi,
870,U&I Entertainment,
871,System Soft,
872,Villa Gorilla,
873,RED Entertainment,
874,Shin'en,
875,Global A Entertainment,
876,Michaelsoft,
877,Foreign Media Games,
878,Media Entertainment,
879,Lighthouse Interactive,
880,Genterprise,
881,Interplay Productions,
882,Easy Interactive,
883,Boost On,
884,Moss,
885,KING Art Games,
886,Harukaze,
887,Naxat Soft,
888,Paradox Development,
889,NetRevo,
890,Otomate,
891,Nitroplus,
892,El Dia,
893,Ongakukan,
894,M2,
895,Commseed,
896,Rejet,
897,iMel,
898,Takuyo,
899,Interchannel-Holon,
900,Matatabi,
901,ArenaNet,
902,Gadget Soft,
903,Tri Synergy,
904,Qute,
905,Wolfgame,
906,Triangle Service,
907,Otomate Idea Factory,
908,Studio Artdink,
909,Agatsuma Entertainment,
910,System Soft Alpha,
911,Best Media,
912,Assemble Entertainment,
913,RailSimulator.com,
914,MAGES,
915,Now Production,
916,Abel,
917,Silky`s,
918,Bergsala Lightweight,
919,TalonSoft,
920,Nippon Cultural Broadcasting eXtend,
921,Hiromi,
922,SystemSoft,
923,Dimple Entertainment,
924,Team Meat,
925,GMX Media,
926,Blade Interactive,
927,FireFly Studios,
928,Stack,
929,Recom,
930,Lexicon Entertainment,
931,Chara-ani,
932,King Games,
933,Tradewest,
934,MegaHouse,
935,Digital Works Entertainment,
936,Petit Reve,
937,DMM Games,
938,Rovio Mobile,
939,althi Inc.,
940,Virgin Play,
941,SilverStar,
942,United Developers,
943,Tera Box,
944,Mercury Games,
945,Virtual Playground,
946,GamersGate,
947,Focus,
948,MC2 Entertainment,
949,E-Frontier,
950,Alpha Unit,
951,Microforum,
952,Phenomedia,
953,Behaviour Interactive,
954,LSP Games,
955,Sandlot Games,
956,Noviy Disk,
957,Runic Games,
958,HD Interactive,
959,First Class Simulations,
960,Ides,
961,14 Degrees East,
962,EON Digital Entertainment,
963,Image Space Incorporated,
964,Artifex Mundi sp. z o.o.,
965,1C Maddox Games,
966,Fru Blu Games,
967,DTMC,
968,Sirtech,
969,Tubby Games,
970,Mindstorm Studios,
971,Illusion Softworks,
972,Freeze Tag,
973,Just Flight,
974,Nordcurrent,
975,Digital Jesters,
976,Summitsoft Entertainment,
977,Datel,
978,Numantian Games,
979,Land Ho,
980,GTE Entertainment,
981,Game Factory Interactive,
982,The Fullbright Company,
983,Spellbound,
984,Futurlab 1,
985,Elephant Entertainment,
986,Adventure Soft,
987,TopWare,
988,iEntertainment Network,
989,Bulkypix,
990,8Floor,
991,Spark Plug Games,
992,MY.COM,
993,Other Ocean Interactive,
994,Beatshapers,
995,Aroma,
996,Twisted Pixel Games,
997,Affect,
998,Domark Software,
999,Gipnetix Games,
1000,MPI Games,
1001,100 Gates,
1002,FPS,
1003,Mediatonic,
1004,SelectSoft,
1005,Teyon Entertainment,
1006,G5 Entertainment,
1007,Sound Technology,
1008,Nikita,
1009,Tasuke,
1010,CIRCLE Entertainment,
1011,Visit,
1012,QubicGames,
1013,"Days Of Wonder, Inc.",
1014,Alice Soft,
1015,Cosmigo,
1016,MidBoss,
1017,Software Toolworks,
1018,2XL Games,
1019,D4 Enterprise,
1020,Cypronia,
1021,Sony Imagesoft,
1022,Apprope,
1023,EnjoyUp Games,
1024,StormBASIC,
1025,GAE,
1026,Comolink,
1027,Cryo Interactive,
1028,Webfoot Technologies,
1029,Sanuk Games,
1030,Sierra Online,
1031,Xing Entertainment,
1032,Nippon Create,
1033,Playrix Entertainment,
1034,Game Circus LLC,
1035,LOTUM GmbH,
1036,Fruitella Games,
1037,AGENIUS Interactive,
1038,4PM Game LTD,
1039,cerasus.media,
1040,Cosmonaut Games,
1041,Phoenix Games,
1042,Altron,
1043,Bottom Up,
1044,2DEngine.com,
1045,Nitrome,
1046,Cinemax,
1047,Zaxis Games,
1048,bom667,
1049,RunnerGames,
1050,Sonic Powered,
1051,Freebird Games,
1052,Absolute Entertainment,
1053,High Horse Entertainment,
1054,NinjaBee,
1055,G5 Software,
1056,Infocom,
1057,LJN,
1058,Frima Studio,
1059,"Lost Decade Games, LLC",
1060,Dynamix,
1061,Sachen,
1062,Illusion,
1063,Bloober Team,
1064,Riot,
1065,Bluestone Interactive,
1066,Degica,
1067,gamesbymo,
1068,Davilex,
1069,Arcadia Systems,
1070,Gamelion Studios,
1071,Milton Bradley,
1072,8bits fanatics,
1073,Jast,
1074,Myth People,
1075,Total Eclipse,
1076,ArtePiazza,
1077,Laughing Jackal,
1078,Com2uS,
1079,BBC Multimedia,
1080,7th Level,
1081,HandyGames,
1082,Taki,
1083,Salu,
1084,Techiku,
1085,Digital Media Lab,
1086,Active Enterprises,
1087,Vertigo Games,
1088,BiP Media,
1089,Slitherine,
1090,Slitherine Studios,
1091,"Rideon Japan, Inc.",
1092,IBM,
1093,Supersolid Ltd,
1094,CyberSoft,
1095,Turbo Technologies,
1096,CRI,
1097,CSK Research Institute,
1098,Yudo,
1099,Halfbrick Studios,
1100,KnapNok Games,
1101,HES Interactive,
1102,Pione Soft,
1103,TGC,
1104,Abylight,
1105,"GRAVITY Co.,Ltd",
1106,Iron Tower Studio,
1107,Isquared Games,
1108,ECRUSH DI DI NATALE SALVATORE,
1109,Silent Software Inc.,
1110,Snail Game,
1111,evoline srl,
1112,NDS Software,
1113,ITE Media,
1114,Buka Entertainment,
1115,ADK,
1116,Acute Entertainment,
1117,Ateam,
1118,Soft Bank,
1119,GameBank,
1120,i4,
1121,F&C,
1122,Key,
1123,U.S. Army,
1124,Kaneko Co. Ltd,
1125,Seismic,
1126,Qubic Games,
1127,GMI,
1128,Matrix Games,
1129,Battlefront.com,
1130,ICD,
1131,Santos,
1132,Game Studio,
1133,"VOOZ CO.,LTD",
1134,TRADEGAME Lab Inc.,
1135,Kyugo Boueki,
1136,Wolf Team,
1137,Micronet,
1138,California Pacific,
1139,Feng,
1140,LukPlus,
1141,age,
1142,Haruneko,
1143,Spicy Horse,
1144,Columbia Music Entertainment,
1145,JC Research,
1146,Himalaya Studios,
1147,OGPlanet,
1148,Arcade Lab,
1149,Gaia (GeGeGe),
1150,Synergy Inc.,
1151,Sega-AM7,
1152,Tec Toy,
1153,Virgin Games,
1154,MicroLeague,
1155,Creat Studio,
1156,G-Style,
1157,Sigma,
1158,PomPom,
1159,Electric Dreams Software,
1160,Witch,
1161,3000AD,
1162,Doublesix,
1163,Skyworks Interactive,
1164,NHN USA,
1165,Right Stuff,
1166,Greenwood Entertainment Software GmbH,
1167,Interplay Entertainment Corp.,
1168,Krisalis,
1169,I*Motion,
1170,Electronic Arts Victor,
1171,Benjamin Rivers Inc.,
1172,Laser Dog,
1173,COCOSOLA Inc.,
1174,Mad Monkey Studio,
1175,Sabarasa Entertainment,
1176,IGG,
1177,Nimbly Games,
1178,Winter Wolves Game Studio,
1179,Kawamoto Industrial,
1180,GANZ,
1181,Graphic Simulations,
1182,Collavier Corporation,
1183,Sucker Punch Productions,
1184,Scavenger,
1185,Lexis Numerique,
1186,Nihon System,
1187,TecMagik,
1188,Big Fun Games,
1189,Active,
1190,Q Entertainment,
1191,Studio e-go,
1192,Terios,
1193,Chillingo,
1194,Yuke's Osaka,
1195,SlinDev,
1196,Screenwave Media,
1197,Ambition,
1198,J-Wing,
1199,Little Worlds Studio,
1200,Hirameki International Group,
1201,GameForge,
1202,Aki Corp.,
1203,Xider Games,
1204,bhv Software,
1205,Ray Corporation,
1206,Gamebridge,
1207,Omega Micott,
1208,Adult Dream,
1209,Trendverlag,
1210,Stern,
1211,Metro3D,
1212,Panther Software,
1213,CD Bros.,
1214,Interactive Magic,
1215,Tactics,
1216,Tin Man Games,
1217,Zordix AB,
1218,Mizuki,
1219,Tamsoft,
1220,Fishtank Interactive,
1221,Pulse Entertainment,
1222,Open Book 9003,
1223,Frontier Groove,
1224,Gato Salvaje S.L.,
1225,Circus,
1226,Icon Games,
1227,Enjoy Gaming ltd.,
1228,Ciel,
1229,Spacetime Studios,
1230,Flying Edge,
1231,Webzen,
1232,Renovation,
1233,System Sacom,
1234,Yanoman,
1235,Salio,
1236,Duaik Entretenimento,
1237,Project Two Interactive,
1238,Pai,
1239,American Sammy,
1240,SCEA Studio San Diego,
1241,Fuzzy Wuzzy Games,
1242,G.rev Ltd.,
1243,Case in Point Studios,
1244,"Incandescent Core, LLC",
1245,Xonox,
1246,Ertain,
1247,Signal Studios,
1248,Nokia,
1249,Hug,
1250,Shingakusha,
1251,Gakushuu Kenkyuusha,
1252,Witch Beam Games,
1253,Outgrow,
1254,Edelweiss,
1255,Legend Entertainment,
1256,Sudden Games,
1257,Gentleman Squid Studio,
1258,"GamesCafe, Inc.",
1259,PomPom Games,
1260,Oberon Media,
1261,Family Soft,
1262,MegaCyber,
1263,Tadashi,
1264,Tangram3D,
1265,NDoors Interactive,
1266,Social Quantum,
1267,Treco,
1268,UPL,
1269,Quantum Sheep,
1270,Climax,
1271,T3 Entertainment,
1272,Cipher Prime,
1273,Gremlin Graphics,
1274,Quelle,
1275,Eutechnyx,
1276,Sanyei Shobou,
1277,Spiderweb Software,
1278,Midnight Magic Games,
1279,Amaranth Games,
1280,Corbomite Games,
1281,Ronimo Games,
1282,Magic Bytes,
1283,Propeller,
1284,Zynga,
1285,Undermoon,
1286,Gaps,
1287,Omega Products,
1288,Astec 21,
1289,Survive,
1290,Alexey Saenko,
1291,Team Colorblind,
1292,WizardWorks,
1293,Color Dreams,
1294,Oz Club,
1295,Micro World,
1296,Beam Software,
1297,Playaround,
1298,Surreal Software,
1299,Ving,
1300,Fiendish Games,
1301,Unbalance,
1302,VooFoo Studios,
1303,Humongous,
1304,TeamLava,
1305,I'Max,
1306,Yoshimoto Kogyo,
1307,Bullet Proof Software,
1308,Libii Tech Limited,
1309,flaregames,
1310,Arachnid Games,
1311,PF.Magic,
1312,Balcony Team,
1313,Engine Software,
1314,PixelStorm,
1315,Palace Software,
1316,Hi Tech Expressions,
1317,Battlebard Games,
1318,Romstar,
1319,Mobigame SARL,
1320,Malibu Games,
1321,Anarchy Enterprises,
1322,Dai Nippon Printing,
1323,Increment-P,
1324,IPC Software,
1325,Studio Wonder Effect,
1326,Manning,
1327,PennyPop,
1328,DYNAMICNEXT,
1329,Good Night Brave Warrior,
1330,"Merge Interactive, Incorporated",
1331,Toshiba EMI,
1332,Meldac,
1333,Nippon Data Works,
1334,Left Field Productions,
1335,Illusion Soft,
1336,Game Hive Corp.,
1337,Lucasfilm Games,
1338,Mika Mobile,
1339,Digerati Distribution,
1340,Extreme Entertainment Group,
1341,Messiah,
1342,Micott & Basara Inc.,
1343,LG,
1344,Vector Unit,
1345,Kumobius,
1346,Mandigo,
1347,Camerica,
1348,Frogster Interactive,
1349,Super Fighter Team,
1350,Cloud Imperium Games Corporation,
1351,Capybara Games,
1352,Zombie Cow Studios,
1353,Kiddinx,
1354,Rainbird,
1355,Jason Rohrer,
1356,Muse Software,
1357,Qwiboo,
1358,Dark Sky Entertainment,
1359,Wisdom Tree,
1360,Kitty Media,
1361,Tale of Tales,
1362,Big John Games,
1363,Glu Mobile Inc.,
1364,Performance Designed Products,
1365,Diego Acevedo,
1366,Zotnip,
1367,Spicysoft Corp.,
1368,Sega Toys,
1369,Serene,
1370,Nuvision Entertainment,
1371,Novaleaf Game Studios,
1372,Evil Indie Games,
1373,Bplus,
1374,MACHINE Studios LLC,
1375,Kokuyo,
1376,Nerjyzed Entertainment,
1377,Bignet,
1378,American Video Entertainment,
1379,Shoeisha,
1380,BioWare,
1381,Apogee,
1382,GokuFero,
1383,Nnooo,
1384,TechnoSoft,
1385,FunSoft,
1386,bleem!,
1387,Tonkin House,
1388,Codemasters Online,
1389,Media Group,
1390,Island Creation,
1391,California Dreams,
1392,Sega Falcom,
1393,Crescent Moon Games,
1394,RCMADIAX,
1395,Vivid Interactive,
1396,Coresoft,
1397,Fatshark,
1398,Headless Wizard,
1399,G-mode,
1400,Studio Fawn,
1401,Hands On Mobile,
1402,Digital Goldfish,
1403,Vector 2 Games,
1404,Shibuya Interactive,
1405,Tsunami Media,
1406,NOA,
1407,Reindeer,
1408,Emu,
1409,Relentless Software,
1410,Erik Svedang,
1411,A Crowd of Monsters,
1412,Bit Corporation,
1413,"Telegames, Inc.",
1414,First Star Software,
1415,RealArcade,
1416,Fujicom,
1417,Poisoft,
1418,Completes,
1419,Binbou Soft,
1420,TechnoBrain,
1421,MGame,
1422,Interceptor Entertainment,
1423,Amuse,
1424,Gogii Games,
1425,Ian MacLarty,
1426,Commodore,
1427,Epyx,
1428,Giant Media Group,
1429,Enjoy Gaming,
1430,Aeria Games & Entertainment,
1431,Wax Lyrical Games,
1432,Big Five Software,
1433,ScooP,
1434,Kodansha,
1435,Shrapnel Games,
1436,ZQGame,
1437,gumi Inc.,
1438,IGG.com,
1439,Aqua Rouge,
1440,BMG Interactive Entertainment,
1441,Zeboyd Games,
1442,Monolith,
1443,Revolution,
1444,Head Games,
1445,Panesian,
1446,Wizards Time LLC,
1447,King.com,
1448,Blitz Game Studios,
1449,Shangri-La,
1450,SegaSoft,
1451,HipSoft,
1452,Sigma Game Limited,
1453,Spectravision,
1454,Software 2000,
1455,Silver Style,
1456,Logic,
1457,Williams,
1458,LEANDRO PIM,
1459,Discovery Channel Multimedia,
1460,Invex,
1461,Rocket Science Games,
1462,Impressions Games,
1463,Playtika LTD,
1464,Teyon,
1465,Kairosoft Co. Ltd,
1466,"CommaVid, Inc.",
1467,Clef Inventor,
1468,"Mentrix Software, Inc.",
1469,Freyr Games,
1470,Nigred,
1471,Star Cave Studios,
1472,City State Entertainment,
1473,Cocktail Soft,
1474,Teku Studios,
1475,American Softworks,
1476,Quaker Oats,
1477,En Masse Entertainment,
1478,Sims,
1479,ComputerEasy,
1480,Raya System,
1481,Tokuma Shoten,
1482,Avex,
1483,Tag Games,
1484,Cie Games,
1485,Miniclip.com,
1486,NHK,
1487,Media Kite,
1488,Cartoon Network,
1489,GameHouse,
1490,Snowbird Game Studios,
1491,Incredible Technologies,
1492,Argent,
1493,Play It,
1494,Sofel,
1495,Triffix,
1496,Bunch Games,
1497,Witt Interactive Software,
1498,Nexoft,
1499,G-Collections,
1500,Game Republic,
1501,Ravensburger Interactive Media,
1502,Pandora Box,
1503,TikGames,
1504,WaveDNA,
1505,CyberPlanet Interactive,
1506,AMA Studios,
1507,Quikding,
1508,Educational Network,
1509,Silverball,
1510,Songbird Productions,
1511,"Quark Games, Inc.",
1512,Gollop Games,
1513,dreamfab,
1514,Discord Games,
1515,Megamedia,
1516,Crazy Labs,
1517,tono / Ctrl+k,
1518,PlayFirst,
1519,NEC Avenue,
1520,Media.Vision,
1521,Mediaflex Games,
1522,Choice of Games,
1523,Koubunsha,
1524,Zamuse,
1525,Saurus,
1526,JV Games Inc.,
1527,Orbit Soft,
1528,Microvalue,
1529,nWay,
1530,osao,
1531,Gamehastra,
1532,Griptonite Studio,
1533,Digital Tales,
1534,Digital Tentacle,
1535,Soft Pro,
1536,Csharks Games & Solutions Pvt Ltd,
1537,Mechanist Games,
1538,HexWar Games,
1539,Logic Artists,
1540,Trilobyte,
1541,Q Entertainment/UserJoy Technology,
1542,Gizmondo Studios,
1543,Monolith Productions,
1544,DPFLASHES STUDIOS,
1545,FobTi Interactive,
1546,Onion News Network,
1547,"Game Insight, LLC",
1548,Binary Tweed,
1549,Alcot,
1550,Candy Games,
1551,Hypnos,
1552,"ENTERBRAIN,INC.",
1553,Phoenix Online Studios,
1554,Independent Arts Software GmbH,
1555,Eufonie,
1556,Nine'sFox,
1557,Namco Tales Studio / Wolfteam,
1558,Exkee,
1559,Pelfast,
1560,Leaf,
1561,US Games,
1562,Arcadia Corporation,
1563,ZoopTEK,
1564,TQ Digital Entertainment,
1565,"International Games System Co., Ltd",
1566,Humansoft,
1567,Compulsion Games,
1568,Indietopia Games,
1569,Riverhill Soft,
1570,SGN,
1571,ootii,
1572,UEP Systems,
1573,GOAT Store Publishing,
1574,Digital Pictures,
1575,"Gala-Net, Inc.",
1576,Access Software,
1577,Sierra Studios,
1578,DifferenceGames,
1579,Triangle,
1580,Intellivision Productions,
1581,Sage's Creation,
1582,Palcom,
1583,AWEM Studio,
1584,Kerem San,
1585,Rage Software,
1586,Kloonigames,
1587,Ma-Ba,
1588,Nihon Bussan,
1589,Game Atelier,
1590,Swing! Entertainment,
1591,hiive,
1592,Fusion Labs,
1593,JoWood,
1594,American Laser Games,
1595,Gameshastra,
1596,Vogster Entertainment,
1597,Amaze Entertainment / Griptonite Games,
1598,GREE,
1599,10tons Ltd,
1600,Media.Vision Entertainment,
1601,Peach Princess,
1602,Cyber Planet,
1603,E-Games,
1604,Point of View,
1605,NetVillage,
1606,Triangle Studios,
1607,Sinxsoft,
1608,FACE,
1609,Flying Shine,
1610,R2Games,
1611,Starplay,
1612,Digerati,
1613,exoSyphen Studios,
1614,"Kotobuki Solution Co., Ltd.",
1615,NaturalMotion,
1616,Doppler Interactive,
1617,Wonderful Tree Studio,
1618,"505 Games US, Inc.",
1619,Renegade Kid,
1620,ZeptoLab,
1621,CD Projekt Red Studio,
1622,MangaGamer,
1623,Hori,
1624,Soft Office,
1625,Hiro,
1626,Bothtec,
1627,Game Village,
1628,Jester Interactive,
1629,SoftDisk Publishing,
1630,Pacific Century Cyber Works,
1631,Mythic Entertainment,
1632,Vicarious Visions,
1633,Firebird Software,
1634,Cyberdreams,
1635,Burian Media Enterprises,
1636,EPS/Electronic Zoo,
1637,"Strategic Simulations, Inc",
1638,Anansi Studios,
1639,Aventurine SA,
1640,Psychic Software,
1641,Cinemaware,
1642,Introversion,
1643,Rainbow Arts,
1644,Zombie Studios,
1645,Microblast Games,
1646,Starbreeze Studios,
1647,PlayFlock,
1648,MADFINGER Games,
1649,Yutaka,
1650,thechineseroom,
1651,Razorsoft,
1652,"Apogee Software, Ltd.",
1653,GottaPlay Ltd,
1654,Monster and Monster,
1655,Sarah Northway,
1656,Multisoft,
1657,XGenStudios,
1658,Four Lights,
1659,Artem Karakozov,
1660,Isao,
1661,Sanctuary Woods,
1662,The Quinnspiracy,
1663,Amateur Pixels,
1664,Himeya,
1665,Panorama,
1666,SFB Games,
1667,Dreadlocks Ltd,
1668,Lump of Sugar,
1669,wooga,
1670,Grendel Games,
1671,Panda Entertainment,
1672,Powerhead Games,
1673,Tantrum Entertainment,
1674,Grandslam,
1675,NDA Productions,
1676,Joymax,
1677,Shouei,
1678,Kaze,
1679,Robinson Technologies,
1680,Oxygen Games,
1681,MECC,
1682,Polynetix Studio,
1683,Dazz,
1684,Kaasa Solution,
1685,"Playdom, Inc.",
1686,Oddworld Inhabitans,
1687,Pentavision Entertainment,
1688,XPEC Entertainment,
1689,Stickmen Studios,
1690,SUMO interactive,
1691,BBC Worldwide,
1692,Yokcos,
1693,SPS,
1694,Bec,
1695,Gripati Digital Entertainment,
1696,Electron Jump Games,
1697,Annapurna Interactive,
1698,Syntetic Dreams,
1699,Big Head Games,
1700,Art Data Interactive,
1701,HeartBit Interactive,
1702,Dream Forge Entertainment,
1703,Beyond Software,
1704,Nickelodeon,
1705,Dorasu,
1706,Ballistic,
1707,Urban Plant,
1708,Imperial Entertainment,
1709,PalSoft,
1710,Double Down Interactive,
1711,Rockstar Leeds/North,
1712,IncaGold,
1713,The Codemasters Software Company Limited,
1714,Hamumu Software,
1715,Inlogic Software,
1716,Social Point,
1717,The Muteki Corporation,
1718,Nexon America,
1719,Pinky Soft,
1720,Gravity Corporation,
1721,Sara International,
1722,"Thunderstorm Entertainment Inc.,",
1723,Kabam,
1724,Backflip Studios,
1725,Art of War,
1726,Mass Creation Sp. z o. o.,
1727,OMGPOP,
1728,First Touch,
1729,Tantalus Interactive,
1730,Celsius Game Studios,
1731,Caravel Games,
1732,Soldak Entertainment,
1733,JTB West,
1734,Mura Interactive,
1735,A&E Television Networks Mobile,
1736,Yamago,
1737,3D Realms,
1738,Metro Trains Melbourne,
1739,Substantial Inc.,
1740,OnLine Studio Productions LLC,
1741,SuckerFree Games,
1742,Interstel,
1743,Humble Hearts,
1744,HuCast,
1745,][ Games,
1746,CJ Internet Japan,
1747,Rockstar,
1748,Data Design Interactive,
1749,Realtec,
1750,Tom Create,
1751,cleaversoft,
1752,"Emotion, Inc.",
1753,Mobigame,
1754,Semnat Studios,
1755,Nix Hydra Games,
1756,Canal+ Multimedia,
1757,Ice Water Games,
1758,Xuse,
1759,Keynet,
1760,Tenco,
1761,Slang,
1762,Capcom / Mitchell Corporation,
1763,lbxgames,
1764,RntsMedia,
1765,Soft Vision International,
1766,Firebird,
1767,Frontier Developments Inc.,
1768,Gammick Entertainment,
1769,WaterMelon,
1770,Ember Entertainment,
1771,Goodgame Studios,
1772,Ubisoft Shanghai,
1773,NAC Geographic Products Inc.,
1774,CGE Services Corporation,
1775,Matt Roszak,
1776,Kongregate,
1777,Episode Interactive,
1778,Raw Fury,
1779,DK Games,
1780,Mobest Media,
1781,Gabriele Pellistri,
1782,Intense,
1783,Ambrosia,
1784,Gevo Entertainment,
1785,White Paper Games,
1786,Rudolf Kremers,
1787,CCP,
1788,C's Ware,
1789,Omega,
1790,Queasy Games,
1791,CP Decision Limited,
1792,Nival Interactive,
1793,Two Desperados,
1794,Mechanic Arms,
1795,Kwan,
1796,Mommy's Best Games,
1797,Roofdog Games,
1798,Cybird,
1799,2K Australia / 2K Boston,
1800,Focus on the Family,
1801,Nexeon Technologies,
1802,Fingersoft,
1803,Good-feel Co. Ltd.,
1804,Playrix,
1805,Mass Threat,
1806,Icarus Games,
1807,Ivolgamus,
1808,Rich Olson,
1809,Ludia,
1810,"TinyCo, Inc.",
1811,Zoom,
1812,Hammer Labs,
1813,Michael Bowen,
1814,Brighter Minds Media,
1815,Nostatic Software,
1816,WildTangent,
1817,Green Lava Studios,
1818,Glitch Games,
1819,Ludobit,
1820,ICS,
1821,Ichikawa,
1822,Polytron,
1823,Subatomic Studios,
1824,Outspark,
1825,Sophia,
1826,Apollo,
1827,Vector Unit Studios,
1828,Ivanovich Games,
1829,Toei Animation,
1830,Daiki,
1831,Mythicon,
1832,Kaga Tech,
1833,DreamWorks Interactive,
1834,Red 5 Studio,
1835,Korner Entertainment,
1836,Campo Santo,
1837,Kure,
1838,Bass Professor,
1839,Scott Cawthon,
1840,"Bit By Bit Studios, LLC",
1841,Go Games Limited,
1842,infinity pocket,
1843,Ballpit Monster,
1844,Renegade,
1845,Xform,
1846,Code 4 Development LLC,
1847,Winter Wolves Studio,
1848,Nocturnal Entertainment,
1849,Triniti Interactive,
1850,Sigma Ent. Inc.,
1851,AppXplore Sdn Bhd,
1852,Xendex,
1853,Smosh LLC,
1854,HeroCraft,
1855,Sakari Indie,
1856,IBA Group,
1857,InnoGames,
1858,Mixedbag Srl,
1859,Photon Productions,
1860,Complete-IT,
1861,Nemesys,
1862,The Game Creators,
1863,Endgame Studios,
1864,Elite,
1865,Abandon Interactive Entertainment,
1866,Humongous Entertainment.,
1867,Humongous Entertainment,
1868,Cerasus Media,
1869,Joycity,
1870,Red Robot Labs Inc.,
1871,Chaos89,
1872,Press Play,
1873,Mode 7,
1874,Double Eleven,
1875,Through Games,
1876,Liminal Games,
1877,South East Games,
1878,Gunho Online Entertainment,
1879,ASNetworks,
1880,Pallet,
1881,Shin'en Multimedia,
1882,Solus Games,
1883,GeneX,
1884,Fog,
1885,Aicom,
1886,CJ Internet Corp.,
1887,FX studio,
1888,Smile Soft,
1889,Aspect,
1890,Ubiquitous Media Corp.,
1891,Techno Soleil,
1892,TinkerBell,
1893,Spray,
1894,17-Bit,
1895,Tap4Fun,
1896,"Hassey Enterprises, Inc.",
1897,Nagase Brothers,
1898,ibrahim kocaalioglu,
1899,Vasili Tryndyk,
1900,Eighting,
1901,Gastronaut Studios,
1902,Brain Gray,
1903,Mubik,
1904,Digital Kids,
1905,Robert Topala,
1906,Bizarre Creations,
1907,Creat Studios,
1908,Farm 51,
1909,Decode Entertainment Inc.,
1910,Legendo Entertainment,
1911,eFusion MMOG GmbH,
1912,Matt White,
1913,XMG Studio Inc.,
1914,MAG Interactive,
1915,AAA,
1916,Norn,
1917,"CyberAgent, Inc.",
1918,Vitrex Multimedia,
1919,SuperVillain Studios,
1920,Oracion,
1921,UFO Interactive Games,
1922,Hi-Rez Studios,
1923,GlobZ,
1924,Odenis Studios,
1925,EASY Inc.,
1926,Mebius,
1927,Connect2Media,
1928,Travian Games GmbH,
1929,Swift Apps,
1930,Zallag,
1931,22Cans,
1932,"Rogue Play, Inc.",
1933,Gianty,
1934,Williams Electronics,
1935,Caramel Pot,
1936,SoftMax,
1937,Lay-Up,
1938,Playdemic,
1939,Youda Games,
1940,Polyphony Digital,
1941,Medaverse Studios,
1942,Well Made,
1943,Wanadoo,
1944,Llamasoft,
1945,Silent Dreams,
1946,Kerberos Productions,
1947,Liquid Games,
1948,Bubble Quiz Games,
1949,"Conversion, LLC",
1950,Softnyx,
1951,Rockin' Android,
1952,Platine Dispositif,
1953,RucKyGAMES,
1954,Muse Games,
1955,The ONE,
1956,"American Laser Games, Inc",
1957,MAIET Entertainment,
1958,Modern Media Ventures,
1959,High Voltage Software,
1960,Infogrammes Studios,
1961,Daybreak Games,
1962,BeF,
1963,Lupinus,
1964,DAVLevels,
1965,Tony Sergi,
1966,Black Widow Games,
1967,Dobermann,
1968,KranX Productions,
1969,Atari Games(Midway),
1970,ITL,
1971,"Activision Publishing, Inc.",
1972,Pixel Federation,
1973,Flashpoint Games,
1974,Stockpile Studio,
1975,Crowdstar Inc,
1976,Godzilab,
1977,Akella,
1978,Orangenose Studios,
1979,Silver Creek Entertainment,
1980,Sky Think Systems,
1981,Oxeye,
1982,HB Studios Multimedia,
1983,East Entertainment Media,
1984,Amtechs,
1985,Mitsui,
1986,Telenet Japan,
1987,Ghostfire Games,
1988,Virtual Toys,
1989,"Fincon Co., Ltd.",
1990,Xplosiv,
1991,Gamesys,
1992,Lonely Troops,
1993,Panic Art Studios,
1994,Meridian,
1995,Transolar Games,
1996,Winged Pixel Inc.,
1997,"WeMade Entertainment CO., LTD",
1998,S2 Games,
1999,Cryptozoic Entertainment,
2000,Bullfrog Productions,
2001,99Games Online Private Limited,
2002,Twilight Frontier,
2003,Kero Makura,
2004,Elcom,
2005,Swan,
2006,Fathammer,
2007,Alientrap Games Inc,
2008,Ruffian Games,
2009,Capstone Software,
2010,HappySoft,
2011,JuiceBox Games,
2012,Favorite,
2013,Hacker International,
2014,Glass Bottom Games,
2015,Teatime,
2016,Libredia Entertainment,
2017,Dan Da Rocha,
2018,Reliance Big Entertainment UK Private Ltd,
2019,Future Games of London,
2020,Mc O'River,
2021,Aexol,
2022,ThompsonSoft,
2023,Next Dimension Game Adventures Ltd.,
2024,GameFools,
2025,Dolores Entertainment SL,
2026,Stolen Couch Games,
2027,Games for Friends,
2028,Alegrium,
2029,Pocket Games Inc,
2030,Treasure,
2031,Rune,
2032,Vise,
2033,SEI,
2034,Vega,
2035,Papyrus,
2036,Black Package,
2037,MSN Games,
2038,Jamo Games,
2039,Ankh,
2040,Crackpot Entertainment,
2041,Seaven Studio,
2042,Out of the Park Developments,
2043,Desura,
2044,NEW WORLD,
2045,Infinite Loop,
2046,Monogon Games,
2047,Studio 3,
2048,Homegrown Games,
2049,Fugitive Games,
2050,StormBasic Games,
2051,Miel,
2052,Actoz Soft,
2053,Ole,
2054,VD-dev,
2055,Eduardas Klenauskis,
2056,Ludosity AB,
2057,Sabi Games,
2058,Shinbyou Planning,
2059,CBE Software s.r.o.,
2060,Full Control Studios,
2061,Jaguar,
2062,SCEA,
2063,Plato,
2064,Realore Studios,
2065,Studio Zan,
2066,Bimboosoft,
2067,Big Ant Studios,
2068,Culture Publishers,
2069,Iota,
2070,MaxBet,
2071,Appetite,
2072,"Shadowsoft, Inc.",
2073,tri-Ace,
2074,Shepherd's Worlds,
2075,Playful Entertainment,
2076,Mobo Studio,
2077,Devilish Developments,
2078,Honeyslug,
2079,Mechabit,
2080,Produce!,
2081,"Kairosoft Co.,Ltd",
2082,Ange,
2083,Bellda Soft,
2084,Clochette,
2085,HI Games & Publishing,
2086,Kyarara,
2087,Michal Brzozowski,
2088,Kosaido,
2089,Character Soft,
2090,Immanitas Entertainment GmbH,
2091,WHA Entertainment,
2092,Atypical Alchemists Associate,
2093,Peas Soft,
2094,Mirrorsoft,
2095,Guilty N,
2096,gamigo,
2097,Chronic Logic,
2098,Mahou,
2099,Sparkle Apps,
2100,Gamevil,
2101,Melbourne House,
2102,K2 Network,
2103,Chainsawesome Games,
2104,Juicy Beast Studio,
2105,Carnivore Studio,
2106,Home Media,
2107,Axl,
2108,T&S,
2109,WorkJam,
2110,Intec,
2111,Realtech VR,
2112,Alphastar,
2113,Pi Arts,
2114,Lilith,
2115,Ilusis Interactive Graphics,
2116,Virtual Air Guitar Company,
2117,Ail,
2118,GMF,
2119,Crowd,
2120,Melody,
2121,Honey Pot,
2122,WestVision,
2123,Infogrames Melbourne,
2124,r2 game,
2125,Hearthfire Studios,
2126,Rake in Grass,
2127,Zellers,
2128,SoftLab Laboratories,
2129,RedSpot Games,
2130,Panda House,
2131,MediaQuest,
2132,Sarbakan,
2133,Lapland Studio,
2134,Koramgame.com,
2135,Riot Games,
2136,Left Behind Games,
2137,Seika,
2138,Happy Mage,
2139,Wave,
2140,Dreamatrix,
2141,Wastelands Interactive,
2142,The LEGO Group,
2143,Dice Multimedia,
2144,13cm,
2145,Hexacto Games,
2146,1337 Game Design,
2147,Infinite Dreams Inc.,
2148,Silver Fox Media,
2149,iFree Studio Limited,
2150,Punchline / Shirogumi,
2151,Williams Entertainment Inc.,
2152,Eagle Capital LLC.,
2153,SmashGames,
2154,HookSoft,
2155,"BitMonster, Inc.",
2156,SUMS Online Ltd,
2157,NAVER JAPAN,
2158,WayForward,
2159,"JAST Co., Ltd.",
2160,CodProd,
2161,Edge of Reality,
2162,BeiZ Ltd.,
2163,Curve Studios,
2164,KLab Global Pte. Ltd.,
2165,Binary Takeover LLC,
2166,Wolfire Games,
2167,State of Play Games,
2168,O2 Games,
2169,Mac Play,
2170,Marmalade,
2171,Untouchable,
2172,BombDog,
2173,FairPlay Media Limited,
2174,Isotope 244 LLC,
2175,Turborilla,
2176,Element 5,
2177,Playbrains,
2178,Toco Games,
2179,Channel 4 Television Corporation,
2180,Riverman Media,
2181,"Making Fun, Inc.",
2182,Classified Games,
2183,Morgopolis Studios,
2184,Wicked Loot,
2185,Yullaby,
2186,Chat Noir,
2187,PICK Technology Limited,
2188,G5 Entertainment AB,
2189,Touchable,
2190,Epiphany Games,
2191,Nekki,
2192,"Space Inch, LLC",
2193,Waffle,
2194,The Code Monkeys,
2195,Bungie Software,
2196,Ponos,
2197,Isotx,
2198,Juno,
2199,Kool Kizz,
2200,Tokyo Electron,
2201,Joju Games,
2202,Media5,
2203,Gazillion Entertainment,
2204,Planetwide Games,
2205,Mobage,
2206,Eversim,
2207,Neon Surge,
2208,Sun Amusement,
2209,DHM Interactive,
2210,Pan Vision,
2211,The Men Who Wear Many Hats LLC,
2212,SCE Studio San Diego,
2213,Infinite Game Publishing,
2214,Factor 5,
2215,Supersonic,
2216,DarkElite,
2217,Igor Migun,
2218,Copenhagen Creators,
2219,Atmark,
2220,Digital Dreams,
2221,Flat Earth Games,
2222,Apparition Games,
2223,Jose Varela,
2224,Ratloop Asia Pte Ltd,
2225,Aldorlea Games,
2226,99Games,
2227,Black Psyche,
2228,Mateen Pekan,
2229,Agenda,
2230,Namco Networks America,
2231,Neko Neko Soft,
2232,Janis,
2233,Antinos Records,
2234,Electronic Visual Elements,
2235,Pinkerton Road,
2236,Intelligent Design,
2237,rdein,
2238,Pocketwatch Games,
2239,Uber Entertainment,
2240,Henchmen Studios,
2241,Event Horizon Software,
2242,Larian Studios,
2243,Nowhere Studios,
2244,Europa-Apps,
2245,Datt Japan,
2246,Health Pack Games Inc.,
2247,Varie,
2248,RedLynx,
2249,Naquatic LLC,
2250,Ustwo Games,
2251,Kitfox Games,
2252,Wesson International,
2253,Random House,
2254,Yuki,
2255,Tiburon Interactive Publishing,
2256,Zeta Multimedia,
2257,Paretto,
2258,On Deck Interactive,
2259,Taleworlds,
2260,iCOOLgeeks,
2261,Assoria,
2262,"GAMEVIL USA, Inc.",
2263,H2F Informationssysteme GmbH,
2264,Moonpod,
2265,B-Factory,
2266,Aries Online,
2267,Fingerlab,
2268,Random Games Inc.,
2269,Pygmy Studio,
2270,SevenOne Intermedia GmbH,
2271,Red Fly Studio,
2272,Meridian 4,
2273,Code Fusion,
2274,Unity Games,
2275,Tapps Tecnologia da Informao Ltda.,
2276,Up Multimedia,
2277,Ringzero Game Studio,
2278,Saddleback,
2279,Out Fit 7 Ltd.,
2280,GameTap,
2281,Digi-chain Games,
2282,Metanet Software Inc.,
2283,UNiSONSHIFT,
2284,Medioza,
2285,SkunkWorks,
2286,BudCat Games,
2287,DiezelPower,
2288,Navel,
2289,Shanblue Interactive,
2290,Hoget,
2291,Wiz Technology,
2292,Playism,
2293,Atlus Online,
2294,Force Of Habit,
2295,Daikoku,
2296,Joseph Rothenberg,
2297,Game Grinder,
2298,Akinai Games,
2299,GoGo-Robot,
2300,Nexuiz Team,
2301,CapDisc,
2302,Finji,
2303,Infinite Fall,
2304,Nunchuk Games,
2305,1st Playable,
2306,Anozor SARL,
2307,Glass Knuckle Games,
2308,Konjak,
2309,Mad Data,
2310,Q-Games,
2311,Sur de Wave,
2312,duangle,
2313,Pack In Soft,
2314,Waka Mfg,
2315,Cyan Worlds,
2316,Playlogic International NV,
2317,Cyber Planet Interactive,
2318,online in4mation GmbH,
2319,Pix Arts,
2320,Pin Change,
2321,Liar Soft,
2322,Roll7,
2323,Diversions Entertainment,
2324,Sekilala,
2325,"CyberStep Communications, Inc.",
2326,Wolfteam / Namco Tales Studio,
2327,Creability,
2328,Robot Entertainment,
2329,"responDESIGN, Inc.",
2330,"Rocket Studio, Inc.",
2331,Kawada,
2332,Yojigen,
2333,SMG Studio,
2334,Sports Interactive,
2335,Red Barrels,
2336,Virgin Mastertronic,
2337,Midway,
2338,Playstos Entertainment,
2339,Jupiter Corporation,
2340,Expert,
2341,"Minority, Inc.",
2342,Toasty Games,
2343,Telenet,
2344,Ayopa Games LLC,
2345,Pumpie,
2346,uClick,
2347,Ice-pick Lodge,
2348,Dinamic Multimedia,
2349,OnGames,
2350,Planeta DeAgostini Interactive,
2351,softhouse-seal,
2352,Sanritsu Denki,
2353,Sunny Tam,
2354,SCEE,
2355,Maestro Interactive Games,
2356,Telarium,
2357,Schell Games,
2358,EFUN COMPANY LIMITED,
2359,Amedeo,
2360,TBS,
2361,Meister Hero,
2362,NHN corp.,
2363,Ultra Runaway Games,
2364,Digital Worldwide,
2365,Cowboy Rodeo,
2366,21st Century Entertainment,
2367,Phosphor Games,
2368,Kristanix Games,
2369,Disney Online,
2370,Pasta Games!,
2371,Line One Games,
2372,Lemondo Entertainment,
2373,Robotality,
2374,Cooking Mama Ltd.,
2375,Nano Games,
2376,Allied Kingdoms,
2377,LDW,
2378,XperimentalZ Games,
2379,Cancer Research UK,
2380,Clock Up,
2381,Nitrolic Games,
2382,Kirin Entertainment,
2383,Deco Digital,
2384,Mere Mortals,
2385,"Pocket Direct, L.L.C.",
2386,"Sirqul, Inc.",
2387,Thunder Mountain,
2388,3 Sprockets,
2389,Chillingo Ltd,
2390,Abstraction Games,
2391,"RealNetworks, Inc",
2392,NTVIC,
2393,Image Works,
2394,Santa Entertainment,
2395,Khabal Gaming,
2396,Jinx,
2397,NineLives,
2398,Pajamas Soft,
2399,Silver Dollar Games 2,
2400,Cendyne,
2401,Sada Soft,
2402,Vtree Entertainment,
2403,Hanakai Studio,
2404,Games Faction,
2405,Slightly Mad Studios,
2406,The Indie Stone,
2407,Ancient,
2408,DataWest,
2409,Vision Soft,
2410,Big Blue Bubble,
2411,Andamiro U.S.A. Corp.,
2412,Studio9,
2413,Buka Enterteinment,
2414,Honey Soft,
2415,The Voxel Agents,
2416,Farmind,
2417,Pieces Interactive,
2418,Pinpin Team,
2419,Sideline Amusements,
2420,LOOT Entertainment,
2421,XYPE,
2422,Blendo Games,
2423,Masaya,
2424,Gamerizon,
2425,Aqualuft Games,
2426,Fallen Tree Games,
2427,Smilegate Megaport,
2428,Tozai Games,
2429,Light,
2430,Intermarum,
2431,Lyn And Line LLC,
2432,Polarbit,
2433,NEOCYON,
2434,Fabtek,
2435,Acer,
2436,BeLight Software,
2437,EastAsiaSoft,
2438,Sony Pictures Digital Network,
2439,XWego,
2440,Strategic Studies Group,
2441,Vivid Games,
2442,In2Games,
2443,Hobbico,
2444,Miniclip SA,
2445,Hexage.net,
2446,Kando Games,
2447,PlanetG,
2448,Pink Pineapple,
2449,Active Data Online Pty Ltd,
2450,Commotion Interactive,
2451,Yanim Studio,
2452,Anaconda,
2453,CodeHatch,
2454,"MobCrete, Inc.",
2455,Rogue Snail,
2456,TransGaming,
2457,Vblank Entertainment Inc.,
2458,Shaun Inman,
2459,Slick Entertainment,
2460,Prolific Publishing,
2461,SoftEgg Enterprises,
2462,Libido,
2463,Black Dragon,
2464,Philips Media France,
2465,Odenis Studio,
2466,Spry Fox,
2467,Wanadoo Edition,
2468,Naked Sky Entertainment,
2469,Vidtec,
2470,UserJoy Technology,
2471,FUN YOURS Technology,
2472,Shadowsoft,
2473,Pantera,
2474,Montparnasse Multimedia,
2475,astragon Software GmbH,
2476,Lucid Games,
2477,Fun,
2478,Akatsuki Works,
2479,Games Factory Online,
2480,Vision Games,
2481,Blackfire Games,
2482,So Much Drama Studios,
2483,Spiel,
2484,Escude,
2485,Bastian Schick,
2486,Oddy Arts,
2487,Makivision Games,
2488,I.Magic,
2489,nifflas,
2490,GamesCafe,
2491,Ska Studios,
2492,Mosaic,
2493,Space Ape Games,
2494,Ubisoft Romania,
2495,Waka Interactive Entertainment,
2496,Smack Down Productions,
2497,Gyko Games,
2498,Screenlife,
2499,Digital Entertainment Pool,
2500,Dakko Dakko,
2501,Switchblade Monkeys,
2502,TimeGate Studios,
2503,No Reply Studios,
2504,Winky Soft,
2505,Magnolia,
2506,ISP,
2507,Tohoku Shinsha,
2508,Unicorn-A,
2509,While,
2510,Independent Arts Software,
2511,Timbre Interactive,
2512,Krimzon Fake,
2513,Dreams,
2514,"Zeichenkraftwerk Jeutter, Schaller, Staeger GbR",
2515,Deep Fried Entertainment,
2516,Harebrained Schemes,
2517,TBA,
2518,Ju Cai,
2519,Team6,
2520,Futuremark Games Studio,
2521,Execution Labs,
2522,JoWood Productions & Piranha Bytes,
2523,Catarite,
2524,Akabee Soft 2,
2525,Four Nine,
2526,Cyc,
2527,"Index Digital Media, Inc.",
2528,Ocelot,
2529,Aqua House,
2530,Home Data,
2531,Trust,
2532,CrunchTime Games,
2533,Midway Studios Austin,
2534,Mig Entertainment,
2535,Magic Pockets,
2536,Karuchua,
2537,Copysoft,
2538,Creative Dimension,
2539,Spike Co.,
2540,"COLOPL, Inc.",
2541,CERVO MEDIA GMBH,
2542,Playmore Corporation,
2543,TOPGAME,
2544,Dorat,
2545,Europress,
2546,Mediocre AB,
2547,"Beeline Interactive, Inc.",
2548,games2be GmbH,
2549,Hachikou Shouji,
2550,Kotobuki Systems,
2551,ORiGO Games,
2552,Epic Pixel,
2553,Draknek,
2554,2K Boston,
2555,GameOn,
2556,Game Freak,
2557,CBS / Sony,
2558,Software House Paseri,
2559,Media-5,
2560,Dahku Creations,
2561,Polygram Magic of Japan,
2562,Splash,
2563,Apollon Create,
2564,Eushully,
2565,Gamestorming,
2566,Disastercake,
2567,MobileBits GmbH,
2568,Fenix Fire,
2569,Minor I,
2570,Wicked Interactive,
2571,Keen Software House,
2572,Calaris,
2573,one2tribe Sp. z o.o.,
2574,Ayyo Games,
2575,FormGen,
2576,Charlie Williams,
2577,Gateway Interactive,
2578,NetherRealm Studios / Other Ocean Interactive,
2579,Velocity Development,
2580,Three Donkeys,
2581,Mark Smith,
2582,Jujubee S.A.,
2583,"2XL Games, Inc.",
2584,Midway Studios San Diego,
2585,D2C Games,
2586,EA Mobile,
2587,Topologika,
2588,The Game Bakers,
2589,Black Wing Foundation,
2590,Nayantara Studios,
2591,Animoca,
2592,Blind Mind Studios,
2593,Gaslamp Games,
2594,"Williams Electronic Games, Inc.",
2595,FireSky,
2596,NASA,
2597,Alten8,
2598,Image & Form International AB,
2599,GolemLabs,
2600,inkle,
2601,Zoink Games,
2602,DAN-BALL,
2603,Tencent Games,
2604,Ugamehome,
2605,SIMS Co.,
2606,Cheapass Games,
2607,Gaia Industries,
2608,Glu Games,
2609,Born Ready Games,
2610,Ragequit Corporation,
2611,Artworx Software Company,
2612,Kiloo Games,
2613,4Pockets.com,
2614,BiCore,
2615,Failbetter Games,
2616,RealNetworks,
2617,Flashman Games,
2618,Monster Robot Studios,
2619,Skyjoy Interactive,
2620,New Star Games,
2621,XGen Studios,
2622,Climax Entertainment,
2623,Eclipse Entertainment,
2624,Minor Key Games,
2625,Wiering Software,
2626,Advanced Studio LLC,
2627,Psyonix,
2628,BattleGoat Studios,
2629,Way Forward,
2630,Dong Nguyen,
2631,Atomicom,
2632,AJTilley,
2633,Fargoal,
2634,Little Chicken Game Company,
2635,Probe Entertainment Ltd.,
2636,Playrise Edge Ltd.,
2637,Eclipse Games,
2638,Perpetuum Game,
2639,Cateia Games,
2640,Xiao Yao,
2641,Imagineering,
2642,SharRock,
2643,Goodbye Galaxy Games,
2644,Dingo Inc.,
2645,JAVELIN OU,
2646,Nippon Clary Business,
2647,Keypunch,
2648,"Imangi Studios, LLC",
2649,MOBIRIX,
2650,Nyamyam,
2651,Hudson Soft / West One,
2652,Mistwalker,
2653,Digital Tribe Games,
2654,Secret Sorcery,
2655,Vanguard,
2656,Tetris Online,
2657,Pyrodactyl,
2658,BigBrik Games,
2659,Wahoo Studios,
2660,nDreams,
2661,Black Isle Studios,
2662,Bitmap Brothers,
2663,Sandswept Studios,
2664,Genius Sonority Inc.,
2665,BlackMoon Design,
2666,Touz,
2667,Relic Entertainment,
2668,3A Studios,
2669,"Funtactix, Inc",
2670,Red Orb Entertainment,
2671,Presto Studios,
2672,Sound Source,
2673,Zatun,
2674,TreeFall Studios,
2675,Worlds Apart,
2676,Screwy Lightbulb,
2677,Lucky Frame,
2678,Ascon Software,
2679,Quantum Quality,
2680,FarSight Studios,
2681,Isayonline Services,
2682,Weird and Wry,
2683,Bally Midway,
2684,Minicore Studios,
2685,Open Book,
2686,DigiToys,
2687,Next Gen Games,
2688,Mousechief,
2689,Societa Daikanyama,
2690,Iridium,
2691,The Working Parts,
2692,Direct Solutions,
2693,Sirvo LLC,
2694,Progrestar,
2695,Symphony,
2696,MilkCap,
2697,AppyNation Ltd.,
2698,One Man Left,
2699,"Reactor, Inc.",
2700,Fat Fish Games,
2701,Capcom Production Studio 1,
2702,Kirihara Shoten,
2703,Authering Heaven,
2704,Angie,
2705,Azerbo,
2706,Boolat Games,
2707,Nabi Studios,
2708,Ars System Works,
2709,StarHill,
2710,RaSeN,
2711,Daiwon C&A,
2712,Digital Chocolate,
2713,Irrational Games / Looking Glass Studios,
2714,Vexel Games,
2715,Ascaron Entertainment GmbH,
2716,Soner Kara,
2717,N3V Games Pty Ltd,
2718,Supergiant Games,
2719,Merit Studios,
2720,HMH Interactive,
2721,Deemedya M.S. Ltd.,
2722,Oddmobb,
2723,Fully Ramblomatic,
2724,ProjeX,
2725,Action Button Entertainment LLC,
2726,Boll AG,
2727,Saturnine Games,
2728,Ackkstudios,
2729,Krome Studios,
2730,WXP / Screenlife Games,
2731,M2 Studios,
2732,Mid Carolina Media,
2733,TNN,
2734,Rocket Science,
2735,Chair Entertainment,
2736,Grip Games,
2737,Teotl Studios,
2738,"Playdek, Inc.",
2739,SPIL GAMES,
2740,Popcorn Arcade,
2741,Amaginz,
2742,thesetales,
2743,Friend & Foe,
2744,Forst,
2745,Candystand,
2746,Angel Smile,
2747,Fellow Traveller,
2748,Evil Twin Artworks,
2749,Map Japan,
2750,"Section Studios, Inc.",
2751,Mike Bithell Games,
2752,Virtual Racing Industries Ltd.,
2753,Wander MMO,
2754,DQ Team,
2755,Simpy Entertainment,
2756,VOLV LLC,
2757,Kaixin Network Technology Co. Ltd - loftygame,
2758,Digital Extremes,
2759,MGM Interactive,
2760,Hammerfall Publishing,
2761,Chilled Mouse,
2762,Privateer Press Interactive,
2763,Kirat,
2764,Ludic,
2765,"Moonshark, Inc.",
2766,Kita Denshi,
2767,Tencent Technology(Shenzhen) Company Limited,
2768,Red-Spell,
2769,Play Ten Interactive,
2770,Rebellion Developments / Saffire,
2771,Penguin Australia,
2772,Value Works,
2773,Neowiz Entertainment,
2774,Virtual Programming Ltd,
2775,Psygnosis / Reflections Interactive,
2776,KingIsle Entertainment,
2777,Gaijin Games Inc.,
2778,GriN Multimedia,
2779,Hands-On Entertainment,
2780,WhiteBigRabbit,
2781,2D Boy,
2782,Darkwind Media,
2783,Mountain King Studios,
2784,Feral Interactive,
2785,Goldhawk Interactive,
2786,White Lotus Interactive,
2787,PhobosLab,
2788,Legendary Games,
2789,TwoFive,
2790,KAZe Co.,
2791,Fuuki,
2792,Taito Corporation,
2793,TickTock Games,
2794,ZeNfA Productions,
2795,Philips Interactive Media,
2796,TEN,
2797,Nimblebit,
2798,Psikyo,
2799,Kokakiki,
2800,EXOR Studios,
2801,Akaoni Studio,
2802,Massive Black Inc,
2803,"oeFun, Inc.",
2804,Sonalysts,
2805,Real Vision,
2806,D'Avekki Studios Limited,
2807,CrystalVision,
2808,Blue Print,
2809,Petite Games,
2810,Robot Gentleman Studios,
2811,Misfits Attic,
2812,Jarbit,
2813,Mattel Electronics,
2814,TACS Games,
2815,"Corecell Technology Co.,Ltd.",
2816,Night School Studio,
2817,Sabec Limited,
2818,E-Home Entertainment,
2819,Flyhigh Works,
2820,FJRD Interactive,
2821,Snaggletooth Studios,
2822,Private Division,
2823,Active Gaming Media,
2824,Oasis Games Ltd.,
2825,Rainy Frog,
2826,LoopyMood,
2827,aPriori Digital,
2828,Fast Travel Games,
2829,Tikipod,
2830,Deep River Publishing,
2831,Silver Star Japan,
2832,Panic Button,
2833,Gambitious,
2834,Junkfish Limited,
2835,PLAYDIUS,
2836,10tons,
2837,Trinket Studios,
2838,Casual Bit Games,
2839,Beat Games,
2840,AOL,
2841,Shield Break Studios,
2842,Ant Workshop Ltd,
2843,Starsign,
2844,Pearl Abyss,
2845,Kakao Games,
2846,Dufgames,
2847,Sand Sailor Studio,
2848,Secret Location,
2849,The Arcade Crew,
2850,Bootdisk Revolution,
2851,Interphase,
2852,Motion Picture Corporation of America Interactive,
2853,INTV Corporation,
2854,Inside System,
2855,FYQD Personal Studio,
2856,Bulbware,
2857,Crunching Koalas,
2858,Asmodee Digital,
2859,7Levels,
2860,JanduSoft S.L.,
2861,Atarisoft,
2862,Dextell Ltd.,
2863,Ripstone,
2864,InterAction studios,
2865,Pixel Maniacs,
2866,Coatsink Software,
2867,Undercoders,
2868,Deck 13,
2869,Brace Yourself Games,
2870,Afterthought Studios,
2871,West Coast Software,
2872,Doragon Entertainment,
2873,Daniel Wright,
2874,Phoenix Labs,
2875,The Dangerous Kitchen,
2876,Cosen,
2877,Akupara Games,
2878,QCF Design,
2879,2Awesome Studio,
2880,Dharker Studio,
2881,Team Salvato,
2882,Bandai Namco,
2883,3rd Eye Studios,
2884,Toydea Inc.,
2885,JFI Games,
2886,One or Eight Inc.,
2887,Snowcastle Games,
2888,PlayEveryWare Games,
2889,Creative Bytes Studios,
2890,Evgeniy Kolpakov,
2891,North Star Games,
2892,Sirlin Games,
2893,Mixtvision,
2894,SimFabric,
2895,EA Originals,
2896,Attu Games,
2897,MERJ Media,
2898,GalaxyTrail Games,
2899,Parker Brothers,
2900,Dark Day Interactive,
2901,Naps Team,
2902,@unepic_fran,
2903,Sidebar Games,
2904,Vertex Pop,
2905,iFun4all,
2906,ForwardXP,
2907,Zerodiv,
2908,Horberg Productions,
2909,PlayStation Mobile Inc.,
2910,Crazy Monkey,
2911,BlitWorks,
2912,Frame Interactive Studio LLC,
2913,Pirate Software,
2914,Helmet Games,
2915,Billy Goat Entertainment,
2916,Monkey Stories Games,
2917,Springloaded,
2918,GameUS Inc.,
2919,IO Interactive,
2920,Perfect World,
2921,Holyday Studios,
2922,"YGGDRAZIL GROUP CO.,LTD",
2923,AQUIRIS,
2924,Hulu,
2925,Tomorrow Corporation,
2926,Ratalaika Games,
2927,Awesome Games Studio,
2928,Bifrost Entertainment,
2929,CremaGames,
2930,Ivan Zanotti's MyMadness Works,
2931,"Aspyr Media, Inc.",
2932,Subset Games,
2933,Hypersect,
2934,Emad,
2935,Forge Reply,
2936,FTE Games,
2937,Conifer Games,
2938,Berzerk Studio,
2939,Four Horses,
2940,Ankama Games,
2941,Bloober Team S.A.,
2942,Another Indie,
2943,flow,
2944,Bishop Games,
2945,Numizmatic,
2946,KONANDENKI,
2947,FIVE-BN GAMES,
2948,Enhance,
2949,RNOVA Studio,
2950,Borealys Games,
2951,William Chyr Studio,
2952,M2H,
2953,Arcade Distillery,
2954,Perfect Hat,
2955,ArtVostok,
2956,Edmark,
2957,Team Junkfish,
2958,Young Fun Studio,
2959,Level 77,
2960,Oink Games,
2961,Lienzo,
2962,Atooi,
2963,Toplitz Productions,
2964,IMGN PRO,
2965,Anikids,
2966,Saber Interactive,
2967,Orange Juice Dog,
2968,Housemarque,
2969,Omnidream Creations,
2970,All Yes Good,
2971,Vile Monarch,
2972,SpearHead Games,
2973,SGTTB_Studios,
2974,Studio F-Sharp,
2975,Giant Margarita,
2976,Grinding Gear Games,
2977,Feardemic,
2978,Snapshot Games,
2979,Score Studios,
2980,adamgryu,
2981,Breakfall,
2982,Overhaul Games,
2983,Henchman & Goon,
2984,Niantic,
2985,Dry Cactus Limited,
2986,Takara Tomy ARTS,
2987,GameTomo,
2988,Twisted Tree,
2989,Neos,
2990,Harmonious Games,
2991,Trapped Nerve Games,
2992,Upfall Studios,
2993,Tammeka Games,
2994,Atypical Games,
2995,Starbreeze,
2996,Rainbite,
2997,Roblox Corporation,
2998,Bitten Toast Games,
2999,KAYAC,
3000,RedG Studios,
3001,Maxistentialism,
3002,Luckshot Games,
3003,kFunction Ltd,
3004,Flazm,
3005,Multiverse,
3006,Vivid Helix,
3007,Crea-ture Studios,
3008,Muro Studios,
3009,DUX Software Corporation,
3010,bch waves studio,
3011,Illumination Games,
3012,MUTAN,
3013,Just1337 Publisher,
3014,Fabraz,
3015,Sumo Digital,
3016,Choice Provisions,
3017,Sinister Cyclops,
3018,Thunderful Publishing AB,
3019,Secret Base,
3020,Velocity Inc.,
3021,Ant Workshop,
3022,Dan & Gary Games,
3023,Poppy Works,
3024,DANGEN Entertainment,
3025,Undergames,
3026,Lozange Lab,
3027,Pixelsplit,
3028,Impact Gameworks,
3029,Looking Glass Technologies,
3030,Chorus Worldwide Games,
3031,YCJY,
3032,DONTNOD Entertainment,
3033,The Quantum Astrophysicists Guild,
3034,Paranoid Productions,
3035,Regista,
3036,The Molasses Flood,
3037,yeo,
3038,Mipumi Games GmbH,
3039,Sabotage,
3040,Mind's Eclipse Interactive,
3041,"Timberline Studio, Inc.",
3042,Grasshopper Manufacture Inc.,
3043,VIZ Media,
3044,Terrible Toybox,
3045,Drool,
3046,Unties,
3047,WeirdBeard,
3048,aeiowu,
3049,DigiPen Game Studios,
3050,Francis Cota,
3051,Panic,
3052,Smartly Dressed Games,
3053,Tate Multimedia,
3054,"Smiling Buddha Games, LLC.",
3055,Fatbot Games,
3056,Snikkabo AS,
3057,FinalBoss Games,
3058,Crazy Viking Studios,
3059,VRChat Inc.,
3060,Isbit Games,
3061,Total Mayhem Games,
3062,Asymmetric,
3063,InvertMouse,
3064,COWCAT,
3065,Simogo,
3066,Amazing Inc.,
3067,Campo Santo ,
3068,Mooneye Studios,
